Id,Name,mail

1,preethi,preethiba1912@gmail.com

2,monica,monicasekar26601@gmail.com

3,sineka,sinekapkt@gmail.com

4,narmatha,narmathama23@gmail.com

5,suba,suba04012001@gmail.com

6,Karthika,karthikat008@gmail.com

7,kani,kanikadamban2001@gmail.com

8,Raji,rajeshwari1612001@gmail.com

9,kirupa,kirupashrir2001@gmail.com

10,sandhiya,sandhiyak180@gmail.com

